Interval Number,Sadness,Joy,Love,Anger,Fear,Surprise,Positive,Negative
0,0.20257759,0.39966005,0.0051142685,0.32906303,0.0565025,0.007082583,0.41324787586927414,0.5867521241307259
1,0.10964658,0.48329926,0.0020287063,0.32657078,0.06748707,0.010967595,0.6398211320241293,0.3601788679758708
