Interval Number,Sadness,Joy,Love,Anger,Fear,Surprise,Positive,Negative
0,0.2877151,0.32716483,0.0027075745,0.13288103,0.15619843,0.093333036,0.2862800061702728,0.7137199938297272
1,0.32978925,0.30797163,0.0016839069,0.24365579,0.014288031,0.10261142,0.009783253073692322,0.9902167469263077
2,0.25406224,0.42667955,0.0018852511,0.1941266,0.02038715,0.102859184,0.2541515976190567,0.7458484023809433
3,0.20771687,0.2650607,0.0024154969,0.21237198,0.20489216,0.107542776,0.27056108713150023,0.7294389128684997
4,0.16772737,0.2988311,0.005515116,0.28869134,0.14180212,0.09743295,0.2423805370926857,0.7576194629073143
5,0.2577515,0.3354089,0.008282468,0.2704689,0.0423303,0.08575793,0.13449548184871674,0.8655045181512833
6,0.27715653,0.17125835,0.002603468,0.3576393,0.08688675,0.104455605,0.20547585487365722,0.7945241451263427
7,0.20159869,0.30597115,0.0037116746,0.13998066,0.2320059,0.11673196,0.2138107344508171,0.7861892655491829
8,0.34599987,0.2592349,0.0018470151,0.22760978,0.07208346,0.09322496,0.20141847431659698,0.798581525683403
9,0.1829912,0.36349133,0.003099522,0.16273695,0.1861573,0.101523645,0.44321999698877335,0.5567800030112267
10,0.19754092,0.3296968,0.002124773,0.26117274,0.04262634,0.16683836,0.1486737330754598,0.8513262669245402
11,0.13579048,0.3361993,0.0019999875,0.36933884,0.063509114,0.09316224,0.17568878829479218,0.8243112117052078
12,0.31333512,0.20937824,0.00256987,0.25269553,0.111388296,0.11063298,0.18914273008704185,0.8108572699129581
13,0.19088395,0.19011448,0.0021836401,0.28617892,0.114635214,0.21600376,0.2585163787007332,0.7414836212992668
14,0.2095628,0.11167309,0.0011457668,0.5138704,0.044271268,0.11947665,0.0046010613441467285,0.9953989386558533
15,0.12516846,0.17880407,0.0018410078,0.49999052,0.08603895,0.10815697,0.06568391993641853,0.9343160800635815
16,0.23092952,0.49237058,0.0024740486,0.076703995,0.098770514,0.098751366,0.18663723766803741,0.8133627623319626
17,0.37108693,0.1773824,0.0023185087,0.21769285,0.12992229,0.10159701,0.08163180202245712,0.9183681979775429
18,0.14548016,0.66552085,0.0026685286,0.058644947,0.017745996,0.10993954,0.25243206322193146,0.7475679367780685
