Interval Number,Sadness,Joy,Love,Anger,Fear,Surprise,Average Positive Score,Average Negative Score
0,0.48811427,0.24592394,0.0024158424,0.11813026,0.11939478,0.026020942,0.9846305102109909,0.9879068235556284
1,0.46750948,0.25610918,0.0004534542,0.23521481,0.039699566,0.0010135307,0.9689998775720596,0.9943865612149239
2,0.23745602,0.41612816,0.0029654333,0.14035854,0.1786371,0.024454717,0.9456157286961874,0.9978752851486206
3,0.2567368,0.5552223,0.041209407,0.13274877,0.013275262,0.0008075323,0.9138005375862122,0.9939415256182352
4,0.35754648,0.30103153,0.004102981,0.21682498,0.095689,0.024805037,0.9507923126220703,0.9697194532914595
5,0.5894563,0.21657076,0.0009999577,0.07598747,0.1157003,0.0012851703,0.9349857966105143,0.981494688987732
6,0.46353444,0.19326533,0.0018779392,0.14282371,0.19672962,0.0017689489,0.989035298426946,0.9968022306760153
7,0.7334304,0.23381439,0.0014283624,0.024182392,0.006580351,0.0005640666,,0.9983206987380981
8,0.57740206,0.17894532,0.00158906,0.09934867,0.1058013,0.036913596,0.9538986682891846,0.9913746203695025
9,0.35459816,0.2998363,0.0020069934,0.21920173,0.091177724,0.03317912,0.9947975873947144,0.9855496449904009
10,0.26794526,0.49007213,0.0011314828,0.21073742,0.024708813,0.0054048114,0.9996127486228943,0.9875660936037699
11,0.45718354,0.20699598,0.063834496,0.20013362,0.07044519,0.0014071577,0.9944509665171305,0.9750226369270911
12,0.7094299,0.1904946,0.0019706916,0.03958466,0.055198457,0.003321684,0.9609091480573019,0.9034287691116333
13,0.49747387,0.016165368,0.00043221697,0.41665882,0.06876246,0.00050727103,,0.9980028569698334
14,0.25872678,0.2514238,0.0007497651,0.22411834,0.15642868,0.10855265,0.8911357641220092,0.996487577756246
15,0.45282006,0.2390531,0.0016710858,0.2839788,0.021428917,0.0010480756,,0.9987391829490662
16,0.04288457,0.5245394,0.16934803,0.033448756,0.2289284,0.0008507863,0.9950176179409027,
17,0.6154299,0.23162222,0.0024339713,0.093262315,0.055383254,0.001868391,0.9598109126091003,0.9976690628311851
18,0.39105394,0.28284606,0.03576589,0.16279192,0.09556514,0.03197701,0.9522930830717087,0.9411099329590797
19,0.34203768,0.40922096,0.0021764284,0.13748764,0.107394956,0.0016823328,0.9857543587684632,0.995257590498243
20,0.3839079,0.22018561,0.0005790365,0.25158262,0.13795273,0.0057920357,0.9775786399841309,0.9768703778584799
