Interval Number,Sadness,Joy,Love,Anger,Fear,Surprise,Positive,Negative
0,0.20399632,0.3755803,0.0025837887,0.14493439,0.18174507,0.09116012,0.3412027508020401,0.6587972491979599
1,0.32978934,0.30797166,0.0016839082,0.2436555,0.014288038,0.10261153,0.009783267974853516,0.9902167320251465
2,0.25406227,0.4266796,0.0018852514,0.19412646,0.020387173,0.10285923,0.2541516125202179,0.7458483874797821
3,0.2781903,0.19079149,0.0023492547,0.34325007,0.083191596,0.10222725,0.25397684425115585,0.7460231557488441
4,0.10701248,0.27566648,0.008005114,0.2749829,0.24013598,0.09419704,0.22784197330474854,0.7721580266952515
5,0.1257303,0.4248315,0.020970682,0.3260217,0.023077158,0.07936869,0.3954645246267319,0.6045354753732681
6,0.2764562,0.16557549,0.0027132481,0.32047823,0.12598146,0.10879538,0.18017655114332834,0.8198234488566717
7,0.1504412,0.33985674,0.003006263,0.31135252,0.09695254,0.09839073,0.27562446892261505,0.724375531077385
8,0.18268788,0.3538202,0.0021161991,0.35532606,0.014352468,0.09169721,0.16888457536697388,0.8311154246330261
9,0.11979221,0.35640085,0.0022411782,0.36637437,0.061378956,0.09381244,0.13578516244888306,0.8642148375511169
10,0.29297933,0.2172804,0.0024161548,0.2696815,0.10175497,0.11588758,0.24722546835740408,0.7527745316425959
11,0.16767263,0.11427213,0.001765111,0.25324813,0.12885644,0.3341855,0.265072762966156,0.734927237033844
12,0.20956272,0.11167296,0.0011457658,0.5138704,0.04427131,0.11947684,0.0046010613441467285,0.9953989386558533
13,0.12516837,0.17880395,0.0018410066,0.49999055,0.086039,0.10815713,0.06568391621112823,0.9343160837888718
14,0.3689334,0.301665,0.0026639544,0.17555578,0.058308944,0.09287293,0.07908434420824051,0.9209156557917595
15,0.14548026,0.66552067,0.0026685297,0.05864495,0.017746024,0.10993953,0.25243206322193146,0.7475679367780685
