Interval Number,Sadness,Joy,Love,Anger,Fear,Surprise,Average Positive Score,Average Negative Score
0,0.20511618,0.23265602,0.0070002717,0.347701,0.11223865,0.095287845,0.8931149244308472,0.9885405252377192
1,0.10698829,0.16946305,0.0017309288,0.592272,0.025611844,0.10393388,0.9541201591491699,0.9873754183451334
