Interval Number,Sadness,Joy,Love,Anger,Fear,Surprise,Average Positive Score,Average Negative Score
0,0.14136544,0.30150434,0.0017503189,0.43010533,0.014943029,0.11033151,,0.9884339869022369
1,0.30367494,0.28081402,0.0011860442,0.2910043,0.016161967,0.10715868,0.9994164407253265,0.996919572353363
2,0.27819052,0.19079152,0.0023492563,0.34325027,0.08319131,0.10222708,0.9979163408279419,0.9940029581387838
3,0.1257302,0.42483145,0.020970717,0.3260218,0.02307713,0.07936869,0.7883135080337524,0.9973836243152618
4,0.31532067,0.1554716,0.0024013584,0.2488812,0.17315161,0.10477357,0.995613694190979,0.9796655433518546
5,0.1462068,0.249907,0.0033111358,0.44696927,0.052870292,0.10073551,,0.9814904183149338
6,0.09951206,0.23147678,0.0014618551,0.48910984,0.072985515,0.10545389,0.9541201591491699,0.9922920039721898
