Interval Number,Sadness,Joy,Love,Anger,Fear,Surprise,Positive,Negative
0,0.2686692,0.35593215,0.0127972,0.25065044,0.09465059,0.017300442,0.3295314633657062,0.6704685366342938
1,0.19486964,0.3637697,0.0026956578,0.2550218,0.14841385,0.035229355,0.2171100065821693,0.7828899934178307
2,0.3133145,0.33759204,0.0017965569,0.23604041,0.06889381,0.042362697,0.2443148578916277,0.7556851421083722
3,0.17958649,0.33013904,0.039599806,0.25620434,0.123921156,0.07054919,0.26425297203518094,0.7357470279648191
4,0.17109102,0.3542613,0.02057137,0.2589132,0.16239996,0.03276317,0.26994771730332145,0.7300522826966785
5,0.22710085,0.21387613,0.0027895577,0.35923737,0.17624997,0.020746112,0.1513225265911647,0.8486774734088353
6,0.2424849,0.27734804,0.034757618,0.31461516,0.07884712,0.051947158,0.31751265033843024,0.6824873496615698
7,0.20292476,0.2077626,0.0029213917,0.37299755,0.15689707,0.056496613,0.15950886408487955,0.8404911359151205
8,0.1860091,0.35566476,0.0049638995,0.26020908,0.14583814,0.04731502,0.34975689507666086,0.6502431049233391
9,0.17879803,0.28851312,0.0019716527,0.3594734,0.15185235,0.019391425,0.2160510207925524,0.7839489792074475
10,0.17988974,0.37639135,0.0026846386,0.28697625,0.12860303,0.025455002,0.4600598996593839,0.5399401003406161
11,0.16706453,0.3059537,0.0017037315,0.3341048,0.12132701,0.06984622,0.30674561243208626,0.6932543875679137
12,0.18853956,0.35486683,0.0019866643,0.33457118,0.09305238,0.026983384,0.2292566971173362,0.7707433028826638
13,0.19151127,0.27555966,0.01186639,0.3059216,0.1641311,0.051009994,0.272058788509596,0.727941211490404
14,0.12397352,0.26809812,0.0016367872,0.323441,0.15308939,0.12976122,0.3626226470583961,0.6373773529416039
15,0.18983056,0.20473546,0.001583218,0.3978679,0.095267095,0.11071582,0.24186789989471436,0.7581321001052856
16,0.1339598,0.2503623,0.0067542926,0.43742856,0.10994488,0.061550174,0.28814804057280224,0.7118519594271978
17,0.25405172,0.2959384,0.0017018338,0.3054664,0.097053334,0.04578832,0.29760715933073134,0.7023928406692687
18,0.2108209,0.27931494,0.0021633836,0.36291617,0.108047426,0.036737196,0.17323380141031175,0.8267661985896883
