Interval Number,Sadness,Joy,Love,Anger,Fear,Surprise,Average Positive Score,Average Negative Score
0,0.14136578,0.30150437,0.0017503204,0.43010482,0.014943029,0.11033166,,0.9884339570999146
1,0.30367497,0.28081402,0.0011860441,0.29100424,0.016162008,0.10715874,0.9994165003299713,0.996919572353363
2,0.2781903,0.19079149,0.0023492547,0.34325007,0.083191596,0.10222725,0.9979163408279419,0.9940029879411062
3,0.1257303,0.4248315,0.020970682,0.3260217,0.023077158,0.07936869,0.7883126735687256,0.9973836243152618
4,0.3153205,0.1554716,0.0024013573,0.24888113,0.17315169,0.104773745,0.995613694190979,0.9796655688967023
5,0.14620702,0.24990636,0.0033111346,0.44696933,0.052870505,0.10073566,,0.9814904481172562
6,0.099511966,0.23147666,0.0014618535,0.48911005,0.072985426,0.10545404,0.9541202187538147,0.9922920210020882
