Interval Number,Sadness,Joy,Love,Anger,Fear,Surprise,Positive,Negative
0,0.28771505,0.32716468,0.002707577,0.13288106,0.15619855,0.09333306,0.2862798074881236,0.7137201925118765
1,0.32978934,0.30797163,0.0016839078,0.24365574,0.014288041,0.10261136,0.009783253073692322,0.9902167469263077
2,0.2521622,0.42626244,0.0018641122,0.19523568,0.020974332,0.10350125,0.2541516125202179,0.7458483874797821
3,0.20771687,0.26506084,0.0024154973,0.21237192,0.20489223,0.10754265,0.27056112587451936,0.7294388741254807
4,0.1677273,0.29883116,0.00551509,0.2886914,0.14180213,0.09743291,0.2423805594444275,0.7576194405555725
5,0.2577515,0.33540913,0.008282466,0.27046874,0.042330325,0.08575789,0.13449540237585703,0.865504597624143
6,0.2771565,0.17125842,0.002603471,0.35763922,0.08688676,0.10445563,0.20547585785388947,0.7945241421461106
7,0.20159851,0.30597138,0.0037116767,0.13998044,0.23200603,0.11673198,0.21381071954965591,0.7861892804503441
8,0.3459999,0.25923488,0.0018470186,0.22760978,0.07208347,0.093224905,0.2014184296131134,0.7985815703868866
9,0.18299103,0.3634914,0.0030995207,0.16273688,0.1861574,0.101523764,0.443219818174839,0.556780181825161
10,0.19754094,0.3296967,0.0021247724,0.26117292,0.042626303,0.16683835,0.14867380261421204,0.851326197385788
11,0.13579048,0.3361993,0.0019999873,0.36933887,0.06350919,0.09316219,0.17568877836068472,0.8243112216393153
12,0.31333497,0.20937829,0.002569868,0.25269547,0.1113884,0.11063302,0.18914279714226723,0.8108572028577328
13,0.19088405,0.19011453,0.0021836448,0.2861789,0.114635125,0.21600378,0.25851643085479736,0.7414835691452026
14,0.20956261,0.11167322,0.0011457657,0.5138704,0.04427114,0.1194768,0.0046010613441467285,0.9953989386558533
15,0.12516849,0.17880386,0.0018410076,0.49999094,0.086038865,0.10815686,0.06568391248583794,0.9343160875141621
16,0.23092952,0.49237046,0.0024740468,0.076703995,0.09877058,0.09875141,0.18663766980171204,0.813362330198288
17,0.371087,0.17738245,0.0023185103,0.21769248,0.12992243,0.10159713,0.08163169771432877,0.9183683022856712
18,0.1454801,0.66552085,0.0026685288,0.05864501,0.017746005,0.10993953,0.25243206322193146,0.7475679367780685
