Interval Number,Sadness,Joy,Love,Anger,Fear,Surprise,Positive,Negative
0,0.17910564,0.36059338,0.0030212943,0.19384924,0.19499928,0.068431176,0.4460237640887499,0.5539762359112501
1,0.23451217,0.2954855,0.0037174316,0.34972882,0.11052337,0.0060327114,0.4893604732222027,0.5106395267777972
2,0.16260578,0.28574672,0.009821655,0.29230985,0.22123346,0.028282525,0.4027091679828508,0.5972908320171493
3,0.13631295,0.45101014,0.002142791,0.20508647,0.164067,0.04138056,0.5188594531071814,0.48114054689281865
